ID,Name,Age,Email,Grade,Date
1,John Doe,20,johndoe@example.com,A,2023-10-01
2,Jane Smith,22,janesmith@example.com,B,2023-10-01
3,Alice Johnson,21,alicejohnson@example.com,A,2023-10-01
4,Bob Brown,23,bobbrown@example.com,C,2023-10-01
5,Charlie Davis,20,charliedavis@example.com,B,2023-10-01
6,Emily Evans,22,emilyevans@example.com,A,2023-10-01
7,Frank Green,21,frankgreen@example.com,C,2023-10-01
8,Grace Harris,23,graceharris@example.com,B,2023-10-01
9,Hannah White,20,hannahwhite@example.com,A,2023-10-01
10,Ian Black,22,ianblack@example.com,B,2023-10-01
11,Jack King,21,jackking@example.com,C,2023-10-01
12,Karen Lewis,23,karenlewis@example.com,A,2023-10-01
13,Larry Scott,20,larryscott@example.com,B,2023-10-01
14,Mary Young,22,maryyoung@example.com,C,2023-10-01
15,Nancy Hall,21,nancyhall@example.com,A,2023-10-01
16,Oscar Allen,23,oscarallen@example.com,B,2023-10-01
17,Paul Wright,20,paulwright@example.com,C,2023-10-01
18,Quincy Baker,22,quincybaker@example.com,A,2023-10-01
19,Rachel Adams,21,racheladams@example.com,B,2023-10-01
20,Steve Clark,23,steveclark@example.com,C,2023-10-01
21,Tina Turner,20,tinaturner@example.com,A,2023-10-01
22,Uma Nelson,22,umanelson@example.com,B,2023-10-01
23,Victor Hill,21,victorhill@example.com,C,2023-10-01
24,Wendy Moore,23,wendymoore@example.com,A,2023-10-01
25,Xander Reed,20,xanderreed@example.com,B,2023-10-01
26,Yvonne Price,22,yvonneprice@example.com,C,2023-10-01
27,Zachary Bell,21,zacharybell@example.com,A,2023-10-01